{
    "loss": [
        0.5371416807174683,
        0.5313966274261475,
        0.5202969908714294,
        0.5102129578590393,
        0.4982036352157593,
        0.4856770932674408,
        0.47103264927864075,
        0.4590245187282562,
        0.448358416557312,
        0.4309285581111908,
        0.42247259616851807,
        0.4067980647087097,
        0.39224106073379517,
        0.3866530954837799,
        0.369243323802948,
        0.3557061553001404,
        0.3382435441017151,
        0.32691875100135803,
        0.31213459372520447,
        0.2994838058948517,
        0.2850802540779114,
        0.2667495310306549,
        0.25410622358322144,
        0.23562905192375183,
        0.22469113767147064,
        0.21453696489334106,
        0.20104163885116577,
        0.18959777057170868,
        0.18108545243740082,
        0.1697024405002594,
        0.16471008956432343,
        0.15494674444198608,
        0.15134209394454956,
        0.13730669021606445,
        0.13024893403053284,
        0.12417242676019669,
        0.11485504359006882,
        0.10754851251840591,
        0.10204200446605682,
        0.09562622755765915,
        0.09244979918003082,
        0.09044075012207031,
        0.08563054352998734,
        0.08415424078702927,
        0.08073297142982483
    ],
    "accuracy": [
        0.6874427795410156,
        0.6929223537445068,
        0.7027040719985962,
        0.7097181081771851,
        0.7200856804847717,
        0.7282771468162537,
        0.738717257976532,
        0.7463562488555908,
        0.7539618015289307,
        0.7661261558532715,
        0.7733243107795715,
        0.7840043902397156,
        0.7939200401306152,
        0.7974410057067871,
        0.810386598110199,
        0.8199729919433594,
        0.8306475281715393,
        0.8386547565460205,
        0.8492177128791809,
        0.857448160648346,
        0.8669452667236328,
        0.8779434561729431,
        0.8855768442153931,
        0.8964522480964661,
        0.900547981262207,
        0.9075843095779419,
        0.914760172367096,
        0.9200555682182312,
        0.9243354201316833,
        0.9304733872413635,
        0.9335535764694214,
        0.9374316334724426,
        0.9400374889373779,
        0.9454891681671143,
        0.9489598870277405,
        0.9519451856613159,
        0.956649124622345,
        0.9594447016716003,
        0.9615985751152039,
        0.9638082385063171,
        0.9657835364341736,
        0.9672734141349792,
        0.9686516523361206,
        0.9700410962104797,
        0.9709003567695618
    ],
    "val_loss": [
        0.5308003425598145,
        0.5251875519752502,
        0.5167412757873535,
        0.5083659887313843,
        0.4893519878387451,
        0.4773815870285034,
        0.4567369818687439,
        0.47922489047050476,
        0.4383787512779236,
        0.4173145890235901,
        0.4440076947212219,
        0.3938756585121155,
        0.37871602177619934,
        0.3882128894329071,
        0.34866976737976074,
        0.34114599227905273,
        0.3310088813304901,
        0.32268455624580383,
        0.3186022937297821,
        0.29707327485084534,
        0.284953236579895,
        0.2633686661720276,
        0.23203487694263458,
        0.2843393385410309,
        0.2179635465145111,
        0.19313620030879974,
        0.21499185264110565,
        0.1871461719274521,
        0.17175863683223724,
        0.18168796598911285,
        0.16819868981838226,
        0.18209156394004822,
        0.1391112506389618,
        0.1239938884973526,
        0.12994271516799927,
        0.0976831391453743,
        0.10755564272403717,
        0.09109637141227722,
        0.10074415057897568,
        0.07364765554666519,
        0.07172149419784546,
        0.07648926228284836,
        0.14002609252929688,
        0.07251837849617004,
        0.08672976493835449
    ],
    "val_accuracy": [
        0.6949757933616638,
        0.7041046619415283,
        0.7034573554992676,
        0.718166172504425,
        0.7255764007568359,
        0.7255987524986267,
        0.753297746181488,
        0.7375175952911377,
        0.7584760189056396,
        0.777938961982727,
        0.7641229629516602,
        0.7913978695869446,
        0.801575779914856,
        0.7989643812179565,
        0.8236055374145508,
        0.8300783634185791,
        0.8380242586135864,
        0.8448541164398193,
        0.8487601280212402,
        0.8606343269348145,
        0.8648974299430847,
        0.8803428411483765,
        0.8994933366775513,
        0.8756556510925293,
        0.9050509929656982,
        0.9177956581115723,
        0.9075061678886414,
        0.9221257567405701,
        0.9305850267410278,
        0.9260987043380737,
        0.9304064512252808,
        0.9282637238502502,
        0.944334089756012,
        0.952123761177063,
        0.9491552114486694,
        0.9633952975273132,
        0.9568778872489929,
        0.9649577140808105,
        0.9625025391578674,
        0.9723009467124939,
        0.973930299282074,
        0.9718099236488342,
        0.9506506323814392,
        0.972680389881134,
        0.9700243473052979
    ]
}