{"loss": [0.09244979918003082, 0.09044075012207031, 0.08563054352998734, 0.08415424078702927, 0.08073297142982483], "accuracy": [0.9657835364341736, 0.9672734141349792, 0.9686516523361206, 0.9700410962104797, 0.9709003567695618], "val_loss": [0.07172149419784546, 0.07648926228284836, 0.14002609252929688, 0.07251837849617004, 0.08672976493835449], "val_accuracy": [0.973930299282074, 0.9718099236488342, 0.9506506323814392, 0.972680389881134, 0.9700243473052979]}