{"loss": [0.12417242676019669, 0.11485504359006882, 0.10754851251840591, 0.10204200446605682, 0.09562622755765915], "accuracy": [0.9519451856613159, 0.956649124622345, 0.9594447016716003, 0.9615985751152039, 0.9638082385063171], "val_loss": [0.0976831391453743, 0.10755564272403717, 0.09109637141227722, 0.10074415057897568, 0.07364765554666519], "val_accuracy": [0.9633952975273132, 0.9568778872489929, 0.9649577140808105, 0.9625025391578674, 0.9723009467124939]}