{"loss": [0.3557061553001404, 0.3382435441017151, 0.32691875100135803, 0.31213459372520447, 0.2994838058948517, 0.2850802540779114, 0.2667495310306549, 0.25410622358322144, 0.23562905192375183, 0.22469113767147064, 0.21453696489334106, 0.20104163885116577, 0.18959777057170868, 0.18108545243740082, 0.1697024405002594], "accuracy": [0.8199729919433594, 0.8306475281715393, 0.8386547565460205, 0.8492177128791809, 0.857448160648346, 0.8669452667236328, 0.8779434561729431, 0.8855768442153931, 0.8964522480964661, 0.900547981262207, 0.9075843095779419, 0.914760172367096, 0.9200555682182312, 0.9243354201316833, 0.9304733872413635], "val_loss": [0.34114599227905273, 0.3310088813304901, 0.32268455624580383, 0.3186022937297821, 0.29707327485084534, 0.284953236579895, 0.2633686661720276, 0.23203487694263458, 0.2843393385410309, 0.2179635465145111, 0.19313620030879974, 0.21499185264110565, 0.1871461719274521, 0.17175863683223724, 0.18168796598911285], "val_accuracy": [0.8300783634185791, 0.8380242586135864, 0.8448541164398193, 0.8487601280212402, 0.8606343269348145, 0.8648974299430847, 0.8803428411483765, 0.8994933366775513, 0.8756556510925293, 0.9050509929656982, 0.9177956581115723, 0.9075061678886414, 0.9221257567405701, 0.9305850267410278, 0.9260987043380737]}