{"loss": [0.16471008956432343, 0.15494674444198608, 0.15134209394454956, 0.13730669021606445, 0.13024893403053284], "accuracy": [0.9335535764694214, 0.9374316334724426, 0.9400374889373779, 0.9454891681671143, 0.9489598870277405], "val_loss": [0.16819868981838226, 0.18209156394004822, 0.1391112506389618, 0.1239938884973526, 0.12994271516799927], "val_accuracy": [0.9304064512252808, 0.9282637238502502, 0.944334089756012, 0.952123761177063, 0.9491552114486694]}