{"loss": [0.5371416807174683, 0.5313966274261475, 0.5202969908714294, 0.5102129578590393, 0.4982036352157593, 0.4856770932674408, 0.47103264927864075, 0.4590245187282562, 0.448358416557312, 0.4309285581111908, 0.42247259616851807, 0.4067980647087097, 0.39224106073379517, 0.3866530954837799, 0.369243323802948], "accuracy": [0.6874427795410156, 0.6929223537445068, 0.7027040719985962, 0.7097181081771851, 0.7200856804847717, 0.7282771468162537, 0.738717257976532, 0.7463562488555908, 0.7539618015289307, 0.7661261558532715, 0.7733243107795715, 0.7840043902397156, 0.7939200401306152, 0.7974410057067871, 0.810386598110199], "val_loss": [0.5308003425598145, 0.5251875519752502, 0.5167412757873535, 0.5083659887313843, 0.4893519878387451, 0.4773815870285034, 0.4567369818687439, 0.47922489047050476, 0.4383787512779236, 0.4173145890235901, 0.4440076947212219, 0.3938756585121155, 0.37871602177619934, 0.3882128894329071, 0.34866976737976074], "val_accuracy": [0.6949757933616638, 0.7041046619415283, 0.7034573554992676, 0.718166172504425, 0.7255764007568359, 0.7255987524986267, 0.753297746181488, 0.7375175952911377, 0.7584760189056396, 0.777938961982727, 0.7641229629516602, 0.7913978695869446, 0.801575779914856, 0.7989643812179565, 0.8236055374145508]}